speech,starttime,statestart,overtime,stateover,final,finalover
" And I do think that we will continue to use monetary policy, which is to say rate policy, as the active tool of monetary policy",1545216123.0,7.0,1545216183.0,6.0,-1.0,2.0
 We’re forecasting that growth will be strong enough that unemployment will drop still further and inflation will remain right near our target,1545216180.0,6.0,1545216240.0,6.0,0.0,0.0
"So, again, I go back to the health of the economy",1545216480.0,6.0,1545216540.0,7.0,1.0,3.0
"
As I mentioned, once you—once you’re, broadly speaking, in the range of neutral, I think it’s appropriate to be putting aside individual estimates of that and be looking at what the incoming data are telling you about the outlook, updating your estimates of what neutral might be, of what the natural rate of unemployment might be, of the state of the economy, so—and letting that lead you to adjust your outlook and, therefore, your appropriate path for policy",1545216848.0,7.0,1545216908.0,7.0,0.0,0.0
"I’m not worried, because—about—on the first question— because I know, and everyone who works at the Fed knows, that we’re going to do our jobs the way we’ve always done them",1545216906.0,7.0,1545216966.0,7.0,0.0,0.0
"
In terms of the CCyB, so the CCyB is—the countercyclical capital buffer is a tool that allows us to build capital at a time when vulnerabilities—financial stability vulnerabilities—are meaningfully above normal",1545216961.0,7.0,1545217021.0,6.0,-1.0,2.0
"
So—and, you know, what—what you’re picking up now, I think, is, there’s, you know, a mood of concern, or it’s a mood of angst about growth going forward, if I could just capture it in one thought",1545217147.0,7.0,1545217207.0,6.0,-1.0,2.0
"You know, financial conditions—broadly speaking, we don’t look at any one market",1545217204.0,6.0,1545217264.0,2.0,-4.0,1.0
 We look at a really big range of financial conditions,1545217206.0,6.0,1545217266.0,2.0,-4.0,1.0
" But, remember, from a macroeconomic standpoint, no one market is the single dominant indicator and it really matters if changes are sustained over time",1545217263.0,3.0,1545217323.0,0.0,-3.0,1.0
" And that is often attributed to the success of central banks in anchoring inflation expectations so that people believe that inflation will come back to the target or around the target so it doesn’t go down as much—inflation doesn’t go down as much in a downturn and doesn’t go up as much when the—you know, when the economy is strong",1545217330.0,0.0,1545217390.0,0.0,0.0,0.0
I think having regular press conferences will be a big gain for communication,1545217383.0,0.0,1545217443.0,2.0,2.0,4.0
 I certainly hope it will,1545217384.0,0.0,1545217444.0,2.0,2.0,4.0
 That’s the plan,1545217385.0,0.0,1545217445.0,2.0,2.0,4.0
" As you know, we only update our projections under the current approach quarterly, whereas we have eight—eight meetings",1545217440.0,2.0,1545217500.0,1.0,-1.0,2.0
 So I think we’ll move to a more—we’ll have the ability to move eight—at eight different meetings,1545217442.0,2.0,1545217502.0,1.0,-1.0,2.0
" Not eight times, but at eight different meetings on the year",1545217445.0,2.0,1545217505.0,2.0,0.0,0.0
" There’s plenty of evidence of situations—for example, in the very tight labor market of the late 1990s of a—I think I mentioned in a speech a month or so ago, we had wage increases above productivity plus inflation, and we didn’t have high inflation",1545217567.0,3.0,1545217627.0,2.0,-1.0,2.0
 And the sense of “tailoring” is that we want to look below the level of the G-SIBs at the large regionals and then on down to the community banks at various steps and ask whether we have appropriately tailored regulation and supervision to account for the fact that smaller and less complex organizations present a much less significant threat to the economy and to the community should they fail—should they experience material difficulty,1545217753.0,0.0,1545217813.0,1.0,1.0,3.0
" And while we may tailor some regulations, those fundamentally high expectations are not going to change",1545217803.0,1.0,1545217863.0,1.0,0.0,0.0
"More broadly, I’m referring to global growth",1545217989.0,0.0,1545218049.0,0.0,0.0,0.0
